{
    "targets": [
        {
            "name": "1",
            "intensities": {
                "uvP_365nm": 997.129719511572,
                "_450nm": 2230.1398354876615,
                "_465nm": 2146.3143616206,
                "_505nm": 1979.2042098809584,
                "_535nm": 1893.1645634292138,
                "_570nm": 1725.1653297910386,
                "_625nm": 1628.5002299085475,
                "_700nm": 1639.3654524089307,
                "_780nm": 1060.68717110305,
                "_870nm": 0.0,
                "_940nm": 0.026362846778725794,
                "_white": 1871.9089051244061,
                "_white1": 1880.3028661932253,
                "_white2": 1904.4369284218055
            }
        },
        {
            "name": "2",
            "intensities": {
                "uvP_365nm": 3081.0952914315253,
                "_450nm": 5857.283504932581,
                "_465nm": 5719.794123982251,
                "_505nm": 5561.723344677552,
                "_535nm": 5508.460043940895,
                "_570nm": 5333.569766940938,
                "_625nm": 5052.297031835609,
                "_700nm": 4818.4459139275405,
                "_780nm": 4111.65480549692,
                "_870nm": 1854.420626373153,
                "_940nm": 37.603282643346404,
                "_white": 5406.699909533451,
                "_white1": 5431.607719812174,
                "_white2": 5423.179554559945
            }
        },
        {
            "name": "3",
            "intensities": {
                "uvP_365nm": 4761.307788130948,
                "_450nm": 12065.923862673775,
                "_465nm": 11958.230903383328,
                "_505nm": 11803.413573172555,
                "_535nm": 11814.34067467238,
                "_570nm": 11859.105236932583,
                "_625nm": 11417.632567641636,
                "_700nm": 10795.54262793363,
                "_780nm": 9986.390054312622,
                "_870nm": 7673.848074144203,
                "_940nm": 5496.895062035976,
                "_white": 11644.471373760527,
                "_white1": 11661.801534705266,
                "_white2": 11743.786735761623
            }
        },
        {
            "name": "4",
            "intensities": {
                "uvP_365nm": 6214.942995808516,
                "_450nm": 23989.84831237591,
                "_465nm": 23939.080344142953,
                "_505nm": 23808.05047429958,
                "_535nm": 23820.597396867415,
                "_570nm": 23330.99254356938,
                "_625nm": 22810.197485109198,
                "_700nm": 21705.091771453783,
                "_780nm": 20361.559761747187,
                "_870nm": 18090.163512022944,
                "_940nm": 16192.441694242223,
                "_white": 23301.302625193028,
                "_white1": 22993.565100375028,
                "_white2": 23812.071211118466
            }
        },
        {
            "name": "5",
            "intensities": {
                "uvP_365nm": 6677.032738694479,
                "_450nm": 37265.61579350058,
                "_465nm": 37422.329803084605,
                "_505nm": 37476.19111665928,
                "_535nm": 37632.30189666976,
                "_570nm": 37357.75637256876,
                "_625nm": 37123.07824266097,
                "_700nm": 36610.260701485924,
                "_780nm": 35542.22864736439,
                "_870nm": 34347.84693754279,
                "_940nm": 33359.88466959288,
                "_white": 37036.18853944348,
                "_white1": 36756.599041597874,
                "_white2": 37478.166834454154
            }
        },
        {
            "name": "6",
            "intensities": {
                "uvP_365nm": 6834.296364035408,
                "_450nm": 53735.787694783816,
                "_465nm": 54701.387592362276,
                "_505nm": 55352.563830565516,
                "_535nm": 55874.09261833345,
                "_570nm": 56376.43338942132,
                "_625nm": 56796.2578828005,
                "_700nm": 57311.79127953764,
                "_780nm": 56825.76757626747,
                "_870nm": 56170.75294461921,
                "_940nm": 55612.06028239081,
                "_white": 55456.678250054865,
                "_white1": 55187.64408515619,
                "_white2": 56035.419416197234
            }
        }
    ],
    "max": 65535
}